<?xml version="1.0" encoding="utf-8"?>
<rdf:RDF xmlns:rdf="http://www.w3.org/1999/02/22-rdf-syntax-ns#" xmlns="http://purl.org/rss/1.0/" xmlns:slash="http://purl.org/rss/1.0/modules/slash/" xmlns:taxo="http://purl.org/rss/1.0/modules/taxonomy/" xmlns:dc="http://purl.org/dc/elements/1.1/" xmlns:syn="http://purl.org/rss/1.0/modules/syndication/" xmlns:admin="http://webns.net/mvcb/" xmlns:feedburner="http://rssnamespace.org/feedburner/ext/1.0">
<channel rdf:about="http://localhost/php-business-directory/feeds/rss.xml">
<title>ApPHP Business Directory</title>
<link>http://localhost/php-business-directory/feeds/rss.xml</link>
<description>ApPHP Business Directory - business listings directory solution </description>
<dc:language>en-us</dc:language>
<dc:rights>(c) copyright</dc:rights>
<dc:date>2013-02-13T12:22:02+02:00</dc:date>
<dc:creator>info@yourdomain.com</dc:creator>
<dc:subject>ApPHP Business Directory - business listings directory solution </dc:subject>
<items>
<rdf:Seq></rdf:Seq>
</items>
<image rdf:resource="http://localhost/php-business-directory/images/icons/logo.png"/>
</channel>
</rdf:RDF>
